Airline,From,To,Price
Air India Express,Mumbai,Delhi,"₹ 8,742"
IndiGo,Mumbai,Delhi,"₹ 19,670"
IndiGo,Mumbai,Delhi,"₹ 19,670"
IndiGo,Mumbai,Delhi,"₹ 19,670"
IndiGo,Mumbai,Delhi,"₹ 19,670"
IndiGo,Mumbai,Delhi,"₹ 19,670"
IndiGo,Mumbai,Delhi,"₹ 19,670"
IndiGo,Mumbai,Delhi,"₹ 19,670"
IndiGo,Mumbai,Delhi,"₹ 19,670"
IndiGo,Mumbai,Delhi,"₹ 19,670"
IndiGo,Mumbai,Delhi,"₹ 19,670"
IndiGo,Mumbai,Delhi,"₹ 19,670"
IndiGo,Mumbai,Delhi,"₹ 19,670"
IndiGo,Mumbai,Delhi,"₹ 19,670"
IndiGo,Mumbai,Delhi,"₹ 19,670"
IndiGo,Mumbai,Delhi,"₹ 19,670"
IndiGo,Mumbai,Delhi,"₹ 19,670"
IndiGo,Mumbai,Delhi,"₹ 19,670"
IndiGo,Mumbai,Delhi,"₹ 19,670"
IndiGo,Mumbai,Delhi,"₹ 19,670"
Air India,Mumbai,Delhi,"₹ 33,023"
Air India,Mumbai,Delhi,"₹ 33,023"
Air India,Mumbai,Delhi,"₹ 33,023"
Air India,Mumbai,Delhi,"₹ 33,023"
Air India,Mumbai,Delhi,"₹ 33,023"
Air India,Mumbai,Delhi,"₹ 33,023"
Air India,Mumbai,Delhi,"₹ 33,023"
Air India,Mumbai,Delhi,"₹ 33,023"
Air India,Mumbai,Delhi,"₹ 33,023"
Air India,Mumbai,Delhi,"₹ 33,023"
Air India,Mumbai,Delhi,"₹ 33,023"
Air India,Mumbai,Delhi,"₹ 33,023"
Air India,Mumbai,Delhi,"₹ 33,023"
Air India,Mumbai,Delhi,"₹ 33,023"
Air India,Mumbai,Delhi,"₹ 40,919"
Air India,Mumbai,Delhi,"₹ 40,919"
Air India,Mumbai,Delhi,"₹ 40,919"
Air India,Mumbai,Delhi,"₹ 40,919"
Air India,Mumbai,Delhi,"₹ 40,919"
Air India,Mumbai,Delhi,"₹ 40,919"
Air India,Mumbai,Delhi,"₹ 49,711"
Air India,Mumbai,Delhi,"₹ 49,711"
Air India,Mumbai,Delhi,"₹ 49,711"
